state(1=HI,0=LO),samples,start_sample
0 495718 4
1 1294 495722
0 1 497016
1 37 497017
0 7 497054
1 4 497061
0 3 497065
1 4 497068
0 14 497072
1 3 497086
0 4 497089
1 3 497093
0 4 497096
1 14 497100
0 7 497114
1 3 497121
0 4 497124
1 3 497128
0 4 497131
1 14 497135
0 7 497149
1 3 497156
0 4 497159
1 3 497163
0 4 497166
1 14 497170
0 6 497184
1 4 497190
0 21 497194
1 3 497215
0 7 497218
1 4 497225
0 3 497229
1 7 497232
0 7 497239
1 4 497246
0 3 497250
1 4 497253
0 3 497257
1 4 497260
0 10 497264
1 4 497274
0 3 497278
1 4 497281
0 3 497285
1 4 497288
0 3 497292
1 4 497295
0 3 497299
1 4 497302
0 3 497306
1 7 497309
0 7 497316
1 4 497323
0 3 497327
1 3 497330
0 4 497333
1 7 497337
0 7 497344
1 7 497351
0 7 497358
1 3 497365
0 7 497368
1 4 497375
0 7 497379
1 7 497386
0 7 497393
1 3 497400
0 7 497403
1 7 497410
0 11 497417
1 3 497428
0 4 497431
1 3 497435
0 11 497438
1 3 497449
0 4 497452
1 7 497456
0 7 497463
1 3 497470
0 17 497473
1 7 497490
0 7 497497
1 4 497504
0 3 497508
1 11 497511
0 3 497522
1 7 497525
0 7 497532
1 4 497539
0 7 497543
1 7 497550
0 3 497557
1 4 497560
0 3 497564
1 4 497567
0 3 497571
1 4 497574
0 3 497578
1 11 497581
0 10 497592
1 4 497602
0 3 497606
1 4 497609
0 20 497613
1 4 497633
0 7 497637
1 3 497644
0 11 497647
1 3 497658
0 4 497661
1 3 497665
0 4 497668
1 3 497672
0 4 497675
1 3 497679
0 7 497682
1 7 497689
0 11 497696
1 3 497707
0 4 497710
1 3 497714
0 11 497717
1 7 497728
0 7 497735
1 3 497742
0 4 497745
1 3 497749
0 4 497752
1 3 497756
0 4 497759
1 6 497763
0 7 497769
1 4 497776
0 3 497780
1 4 497783
0 21 497787
1 3 497808
0 7 497811
1 4 497818
0 3 497822
1 7 497825
0 7 497832
1 11 497839
0 3 497850
1 4 497853
0 17 497857
1 11 497874
0 3 497885
1 4 497888
0 3 497892
1 4 497895
0 3 497899
1 4 497902
0 7 497906
1 6 497913
0 4 497919
1 3 497923
0 4 497926
1 7 497930
0 10 497937
1 7 497947
0 4 497954
1 3 497958
0 4 497961
1 3 497965
0 7 497968
1 4 497975
0 3 497979
1 7 497982
0 4 497989
1 3 497993
0 4 497996
1 3 498000
0 14 498003
1 7 498017
0 4 498024
1 3 498028
0 11 498031
1 7 498042
0 3 498049
1 7 498052
0 3 498059
1 4 498062
0 3 498066
1 4 498069
0 7 498073
1 3 498080
0 4 498083
1 7 498087
0 3 498094
1 4 498097
0 3 498101
1 7 498104
0 7 498111
1 11 498118
0 3 498129
1 4 498132
0 10 498136
1 4 498146
0 3 498150
1 11 498153
0 3 498164
1 4 498167
0 21 498171
1 3 498192
0 7 498195
1 4 498202
0 6 498206
1 7 498212
0 7 498219
1 7 498226
0 4 498233
1 3 498237
0 4 498240
1 3 498244
0 7 498247
1 4 498254
0 3 498258
1 7 498261
0 4 498268
1 3 498272
0 7 498275
1 4 498282
0 7 498286
1 10 498293
0 4 498303
1 3 498307
0 4 498310
1 3 498314
0 4 498317
1 7 498321
0 3 498328
1 7 498331
0 4 498338
1 3 498342
0 4 498345
1 10 498349
0 3 498359
1 11 498362
0 3 498373
1 4 498376
0 3 498380
1 4 498383
0 14 498387
1 7 498401
0 3 498408
1 4 498411
0 7 498415
1 3 498422
0 7 498425
1 11 498432
0 3 498443
1 4 498446
0 3 498450
1 4 498453
0 3 498457
1 4 498460
0 7 498464
1 7 498471
0 3 498478
1 4 498481
0 20 498485
1 4 498505
0 7 498509
1 3 498516
0 4 498519
1 3 498523
0 4 498526
1 14 498530
0 7 498544
1 3 498551
0 4 498554
1 3 498558
0 4 498561
1 14 498565
0 7 498579
1 3 498586
0 4 498589
1 3 498593
0 4 498596
1 14 498600
0 7 498614
1 3 498621
0 7 498624
1 4 498631
0 3 498635
1 4 498638
0 13 498642
1 4 498655
0 10 498659
1 7 498669
0 7 498676
1 4 498683
0 3 498687
1 4 498690
0 3 498694
1 14 498697
0 4 498711
1 7 498715
0 3 498722
1 4 498725
0 3 498729
1 4 498732
0 14 498736
1 7 498750
0 3 498757
1 4 498760
0 10 498764
1 4 498774
0 7 498778
1 6 498785
0 4 498791
1 3 498795
0 4 498798
1 3 498802
0 7 498805
1 4 498812
0 3 498816
1 7 498819
0 4 498826
1 3 498830
0 7 498833
1 11 498840
0 3 498851
1 7 498854
0 4 498861
1 3 498865
0 4 498868
1 10 498872
0 7 498882
1 7 498889
0 4 498896
1 3 498900
0 21 498903
1 4 498924
0 7 498928
1 3 498935
0 7 498938
1 10 498945
0 7 498955
1 4 498962
0 3 498966
1 4 498969
0 3 498973
1 7 498976
0 7 498983
1 4 498990
0 3 498994
1 4 498997
0 3 499001
1 4 499004
0 10 499008
1 7 499018
0 7 499025
1 4 499032
0 3 499036
1 4 499039
0 21 499043
1 3 499064
0 7 499067
1 4 499074
0 3 499078
1 3 499081
0 4 499084
1 7 499088
0 3 499095
1 7 499098
0 4 499105
1 3 499109
0 4 499112
1 14 499116
0 3 499130
1 7 499133
0 4 499140
1 3 499144
0 11 499147
1 3 499158
0 7 499161
1 7 499168
0 4 499175
1 3 499179
0 4 499182
1 3 499186
0 4 499189
1 3 499193
0 7 499196
1 7 499203
0 4 499210
1 3 499214
0 10 499217
1 7 499227
0 4 499234
1 7 499238
0 3 499245
1 4 499248
0 7 499252
1 10 499259
0 4 499269
1 3 499273
0 7 499276
1 4 499283
0 7 499287
1 10 499294
0 4 499304
1 3 499308
0 7 499311
1 4 499318
0 7 499322
1 10 499329
0 4 499339
1 3 499343
0 7 499346
1 4 499353
0 20 499357
1 4 499377
0 7 499381
1 146 499388
0 4 499534
1 14 499538
0 7 499552
1 3 499559
0 4 499562
1 3 499566
0 4 499569
1 7 499573
0 3 499580
1 4 499583
0 7 499587
1 3 499594
0 4 499597
1 3 499601
0 7 499604
1 4 499611
0 3 499615
1 4 499618
0 14 499622
1 3 499636
0 11 499639
1 7 499650
0 7 499657
1 3 499664
0 3 499667
1 4 499670
0 3 499674
1 14 499677
0 4 499691
1 7 499695
0 3 499702
1 4 499705
0 3 499709
1 4 499712
0 14 499716
1 7 499730
0 3 499737
1 4 499740
0 10 499744
1 4 499754
0 7 499758
1 7 499765
0 3 499772
1 4 499775
0 3 499779
1 4 499782
0 7 499786
1 3 499793
0 4 499796
1 7 499800
0 3 499807
1 3 499810
0 7 499813
1 11 499820
0 3 499831
1 7 499834
0 4 499841
1 3 499845
0 4 499848
1 10 499852
0 7 499862
1 7 499869
0 4 499876
1 3 499880
0 21 499883
1 4 499904
0 7 499908
1 3 499915
0 4 499918
1 3 499922
0 4 499925
1 3 499929
0 4 499932
1 3 499936
0 4 499939
1 3 499943
0 4 499946
1 3 499950
0 7 499953
1 10 499960
0 7 499970
1 4 499977
0 3 499981
1 4 499984
0 3 499988
1 7 499991
0 7 499998
1 4 500005
0 3 500009
1 4 500012
0 3 500016
1 4 500019
0 3 500023
1 11 500026
0 3 500037
1 4 500040
0 3 500044
1 4 500047
0 3 500051
1 4 500054
0 21 500058
1 3 500079
0 7 500082
1 4 500089
0 3 500093
1 4 500096
0 3 500100
1 7 500103
0 3 500110
1 7 500113
0 4 500120
1 3 500124
0 4 500127
1 14 500131
0 3 500145
1 7 500148
0 4 500155
1 3 500159
0 11 500162
1 3 500173
0 7 500176
1 7 500183
0 4 500190
1 3 500194
0 4 500197
1 3 500201
0 4 500204
1 3 500208
0 7 500211
1 7 500218
0 4 500225
1 3 500229
0 11 500232
1 6 500243
0 4 500249
1 7 500253
0 3 500260
1 4 500263
0 7 500267
1 10 500274
0 4 500284
1 3 500288
0 7 500291
1 4 500298
0 7 500302
1 10 500309
0 4 500319
1 3 500323
0 7 500326
1 4 500333
0 7 500337
1 10 500344
0 4 500354
1 3 500358
0 7 500361
1 4 500368
0 21 500372
1 3 500393
0 7 500396
1 139 500403
0 4 500542
1 14 500546
0 7 500560
1 3 500567
0 4 500570
1 3 500574
0 4 500577
1 7 500581
0 3 500588
1 4 500591
0 7 500595
1 3 500602
0 4 500605
1 3 500609
0 7 500612
1 4 500619
0 3 500623
1 4 500626
0 14 500630
1 3 500644
0 4 500647
1 3 500651
0 18 500654
1 3 500672
0 4 500675
1 3 500679
0 7 500682
1 3 500689
0 7 500692
1 11 500699
0 3 500710
1 4 500713
0 3 500717
1 4 500720
0 3 500724
1 4 500727
0 7 500731
1 7 500738
0 3 500745
1 4 500748
0 7 500752
1 10 500759
0 4 500769
1 7 500773
0 3 500780
1 4 500783
0 3 500787
1 4 500790
0 14 500794
1 7 500808
0 3 500815
1 4 500818
0 20 500822
1 4 500842
0 7 500846
1 3 500853
0 4 500856
1 3 500860
0 4 500863
1 3 500867
0 4 500870
1 10 500874
0 4 500884
1 3 500888
0 4 500891
1 7 500895
0 7 500902
1 10 500909
0 4 500919
1 3 500923
0 4 500926
1 3 500930
0 4 500933
1 3 500937
0 7 500940
1 7 500947
0 4 500954
1 3 500958
0 11 500961
1 3 500972
0 7 500975
1 7 500982
0 3 500989
1 4 500992
0 7 500996
1 3 501003
0 4 501006
1 10 501010
0 7 501020
1 4 501027
0 21 501031
1 3 501052
0 7 501055
1 4 501062
0 3 501066
1 4 501069
0 10 501073
1 7 501083
0 7 501090
1 4 501097
0 7 501101
1 3 501108
0 7 501111
1 7 501118
0 7 501125
1 3 501132
0 4 501135
1 3 501139
0 11 501142
1 7 501153
0 7 501160
1 3 501167
0 7 501170
1 4 501177
0 7 501181
1 7 501188
0 7 501195
1 3 501202
0 21 501205
1 4 501226
0 7 501230
1 3 501237
0 7 501240
1 4 501247
0 10 501251
1 7 501261
0 3 501268
1 4 501271
0 3 501275
1 4 501278
0 7 501282
1 14 501289
0 3 501303
1 4 501306
0 10 501310
1 4 501320
0 3 501324
1 11 501327
0 3 501338
1 4 501341
0 3 501345
1 4 501348
0 3 501352
1 4 501355
0 7 501359
1 7 501366
0 3 501373
1 4 501376
0 3 501380
1 7 501383
0 7 501390
1 11 501397
0 3 501408
1 4 501411
0 20 501415
1 4 501435
0 7 501439
1 3 501446
0 14 501449
1 4 501463
0 3 501467
1 4 501470
0 7 501474
1 3 501481
0 7 501484
1 11 501491
0 7 501502
1 3 501509
0 4 501512
1 3 501516
0 4 501519
1 7 501523
0 7 501530
1 3 501537
0 4 501540
1 3 501544
0 4 501547
1 3 501551
0 10 501554
1 7 501564
0 7 501571
1 4 501578
0 3 501582
1 4 501585
0 3 501589
1 4 501592
0 7 501596
1 3 501603
0 4 501606
1 3 501610
0 7 501613
1 4 501620
0 21 501624
1 3 501645
0 7 501648
1 4 501655
0 3 501659
1 14 501662
0 4 501676
1 3 501680
0 7 501683
1 4 501690
0 20 501694
1 4 501714
0 7 501718
1 3 501725
0 4 501728
1 3 501732
0 11 501735
1 7 501746
0 7 501753
1 3 501760
0 7 501763
1 4 501770
0 7 501774
1 7 501781
0 7 501788
1 3 501795
0 4 501798
1 3 501802
0 11 501805
1 7 501816
0 7 501823
1 3 501830
0 7 501833
1 4 501840
0 7 501844
1 6 501851
0 7 501857
1 4 501864
0 21 501868
1 3 501889
0 7 501892
1 4 501899
0 7 501903
1 3 501910
0 11 501913
1 7 501924
0 3 501931
1 4 501934
0 3 501938
1 4 501941
0 7 501945
1 14 501952
0 3 501966
1 4 501969
0 10 501973
1 4 501983
0 3 501987
1 10 501990
0 4 502000
1 3 502004
0 4 502007
1 3 502011
0 4 502014
1 3 502018
0 7 502021
1 7 502028
0 4 502035
1 3 502039
0 4 502042
1 7 502046
0 7 502053
1 10 502060
0 4 502070
1 3 502074
0 21 502077
1 4 502098
0 7 502102
1 3 502109
0 14 502112
1 4 502126
0 3 502130
1 4 502133
0 7 502137
1 3 502144
0 3 502147
1 4 502150
0 3 502154
1 4 502157
0 3 502161
1 4 502164
0 3 502168
1 4 502171
0 3 502175
1 4 502178
0 7 502182
1 10 502189
0 7 502199
1 4 502206
0 3 502210
1 4 502213
0 3 502217
1 7 502220
0 7 502227
1 4 502234
0 3 502238
1 4 502241
0 3 502245
1 4 502248
0 3 502252
1 11 502255
0 3 502266
1 4 502269
0 3 502273
1 4 502276
0 3 502280
1 4 502283
0 3 502287
1 3 502290
0 7 502293
1 4 502300
0 3 502304
1 4 502307
0 7 502311
1 3 502318
0 7 502321
1 4 502328
0 3 502332
1 4 502335
0 14 502339
1 3 502353
0 7 502356
1 4 502363
0 7 502367
1 3 502374
0 4 502377
1 3 502381
0 4 502384
1 3 502388
0 4 502391
1 3 502395
0 4 502398
1 3 502402
0 4 502405
1 10 502409
0 4 502419
1 3 502423
0 7 502426
1 10 502433
0 4 502443
1 7 502447
0 3 502454
1 4 502457
0 7 502461
1 10 502468
0 4 502478
1 7 502482
0 3 502489
1 4 502492
0 3 502496
1 4 502499
0 7 502503
1 3 502510
0 4 502513
1 7 502517
0 3 502524
1 4 502527
0 7 502531
1 10 502538
0 4 502548
1 7 502552
0 3 502559
1 4 502562
0 3 502566
1 11 502569
0 6 502580
1 7 502586
0 4 502593
1 3 502597
0 21 502600
1 4 502621
0 7 502625
1 3 502632
0 11 502635
1 3 502646
0 7 502649
1 7 502656
0 4 502663
1 3 502667
0 4 502670
1 3 502674
0 4 502677
1 3 502681
0 7 502684
1 7 502691
0 4 502698
1 3 502702
0 7 502705
1 7 502712
0 7 502719
1 7 502726
0 3 502733
1 4 502736
0 3 502740
1 4 502743
0 3 502747
1 4 502750
0 7 502754
1 7 502761
0 3 502768
1 4 502771
0 7 502775
1 10 502782
0 4 502792
1 7 502796
0 3 502803
1 4 502806
0 3 502810
1 7 502813
0 7 502820
1 11 502827
0 3 502838
1 4 502841
0 3 502845
1 4 502848
0 3 502852
1 4 502855
0 7 502859
1 7 502866
0 3 502873
1 3 502876
0 21 502879
1 4 502900
0 7 502904
1 3 502911
0 18 502914
1 10 502932
0 4 502942
1 3 502946
0 4 502949
1 3 502953
0 7 502956
1 4 502963
0 3 502967
1 7 502970
0 4 502977
1 3 502981
0 18 502984
1 10 503002
0 4 503012
1 3 503016
0 3 503019
1 4 503022
0 3 503026
1 4 503029
0 7 503033
1 7 503040
0 3 503047
1 4 503050
0 10 503054
1 7 503064
0 4 503071
1 7 503075
0 3 503082
1 4 503085
0 3 503089
1 4 503092
0 7 503096
1 3 503103
0 4 503106
1 7 503110
0 3 503117
1 4 503120
0 7 503124
1 10 503131
0 4 503141
1 7 503145
0 3 503152
1 4 503155
0 3 503159
1 4 503162
0 3 503166
1 3 503169
0 7 503172
1 7 503179
0 4 503186
1 3 503190
0 21 503193
1 4 503214
0 7 503218
1 3 503225
0 11 503228
1 3 503239
0 4 503242
1 10 503246
0 4 503256
1 3 503260
0 7 503263
1 4 503270
0 7 503274
1 10 503281
0 4 503291
1 3 503295
0 4 503298
1 3 503302
0 14 503305
1 7 503319
0 3 503326
1 4 503329
0 3 503333
1 7 503336
0 11 503343
1 7 503354
0 3 503361
1 4 503364
0 3 503368
1 4 503371
0 3 503375
1 4 503378
0 7 503382
1 7 503389
0 3 503396
1 4 503399
0 21 503403
1 3 503424
0 7 503427
1 4 503434
0 14 503438
1 13 503452
0 4 503465
1 3 503469
0 4 503472
1 3 503476
0 4 503479
1 3 503483
0 4 503486
1 7 503490
0 7 503497
1 3 503504
0 18 503507
1 7 503525
0 7 503532
1 3 503539
0 21 503542
1 4 503563
0 7 503567
1 3 503574
0 7 503577
1 7 503584
0 7 503591
1 7 503598
0 3 503605
1 4 503608
0 7 503612
1 3 503619
0 7 503622
1 11 503629
0 3 503640
1 4 503643
0 3 503647
1 4 503650
0 14 503654
1 7 503668
0 3 503675
1 4 503678
0 3 503682
1 4 503685
0 3 503689
1 7 503692
0 4 503699
1 7 503703
0 3 503710
1 4 503713
0 3 503717
1 4 503720
0 3 503724
1 4 503727
0 7 503731
1 7 503738
0 3 503745
1 3 503748
0 4 503751
1 7 503755
0 7 503762
1 10 503769
0 4 503779
1 3 503783
0 7 503786
1 11 503793
0 3 503804
1 4 503807
0 7 503811
1 3 503818
0 7 503821
1 11 503828
0 3 503839
1 4 503842
0 7 503846
1 3 503853
0 7 503856
1 11 503863
0 3 503874
1 4 503877
0 7 503881
1 3 503888
0 7 503891
1 3 503898
0 4 503901
1 3 503905
0 14 503908
1 4 503922
0 10 503926
1 4 503936
0 10 503940
1 4 503950
0 3 503954
1 4 503957
0 3 503961
1 4 503964
0 3 503968
1 4 503971
0 7 503975
1 7 503982
0 3 503989
1 4 503992
0 7 503996
1 7 504003
0 7 504010
1 7 504017
0 3 504024
1 4 504027
0 3 504031
1 4 504034
0 3 504038
1 3 504041
0 7 504044
1 7 504051
0 4 504058
1 3 504062
0 7 504065
1 11 504072
0 3 504083
1 7 504086
0 4 504093
1 3 504097
0 4 504100
1 7 504104
0 7 504111
1 10 504118
0 4 504128
1 3 504132
0 4 504135
1 3 504139
0 4 504142
1 3 504146
0 7 504149
1 7 504156
0 4 504163
1 3 504167
0 21 504170
1 3 504191
0 7 504194
1 4 504201
0 17 504205
1 11 504222
0 3 504233
1 4 504236
0 3 504240
1 4 504243
0 7 504247
1 3 504254
0 4 504257
1 7 504261
0 3 504268
1 4 504271
0 17 504275
1 11 504292
0 3 504303
1 4 504306
0 3 504310
1 4 504313
0 3 504317
1 4 504320
0 7 504324
1 6 504331
0 4 504337
1 3 504341
0 11 504344
1 7 504355
0 3 504362
1 7 504365
0 4 504372
1 3 504376
0 4 504379
1 3 504383
0 7 504386
1 4 504393
0 3 504397
1 7 504400
0 4 504407
1 3 504411
0 7 504414
1 11 504421
0 3 504432
1 7 504435
0 4 504442
1 3 504446
0 4 504449
1 3 504453
0 4 504456
1 3 504460
0 7 504463
1 7 504470
0 3 504477
1 4 504480
0 21 504484
1 3 504505
0 7 504508
1 4 504515
0 10 504519
1 4 504529
0 3 504533
1 11 504536
0 3 504547
1 4 504550
0 7 504554
1 3 504561
0 7 504564
1 11 504571
0 3 504582
1 4 504585
0 3 504589
1 4 504592
0 14 504596
1 7 504610
0 3 504617
1 4 504620
0 3 504624
1 7 504627
0 10 504634
1 7 504644
0 4 504651
1 3 504655
0 4 504658
1 3 504662
0 4 504665
1 3 504669
0 7 504672
1 7 504679
0 4 504686
1 3 504690
0 11 504693
1 7 504704
0 3 504711
1 4 504714
0 7 504718
1 3 504725
0 21 504728
1 4 504749
0 7 504753
1 3 504760
0 4 504763
1 3 504767
0 7 504770
1 3 504777
0 4 504780
1 7 504784
0 3 504791
1 4 504794
0 10 504798
1 4 504808
0 3 504812
1 11 504815
0 3 504826
1 4 504829
0 3 504833
1 4 504836
0 3 504840
1 4 504843
0 7 504847
1 7 504854
0 3 504861
1 4 504864
0 7 504868
1 3 504875
0 7 504878
1 11 504885
0 3 504896
1 4 504899
0 3 504903
1 7 504906
0 7 504913
1 10 504920
0 4 504930
1 3 504934
0 4 504937
1 3 504941
0 4 504944
1 14 504948
0 7 504962
1 3 504969
0 4 504972
1 3 504976
0 4 504979
1 3 504983
0 4 504986
1 7 504990
0 7 504997
1 3 505004
0 18 505007
1 7 505025
0 7 505032
1 3 505039
0 21 505042
1 3 505063
0 7 505066
1 4 505073
0 14 505077
1 3 505091
0 4 505094
1 3 505098
0 7 505101
1 4 505108
0 10 505112
1 4 505122
0 3 505126
1 7 505129
0 7 505136
1 4 505143
0 21 505147
1 3 505168
0 7 505171
1 4 505178
0 7 505182
1 3 505189
0 7 505192
1 10 505199
0 4 505209
1 3 505213
0 4 505216
1 3 505220
0 4 505223
1 3 505227
0 7 505230
1 7 505237
0 4 505244
1 3 505248
0 4 505251
1 3 505255
0 14 505258
1 7 505272
0 4 505279
1 3 505283
0 11 505286
1 7 505297
0 3 505304
1 7 505307
0 4 505314
1 3 505318
0 21 505321
1 4 505342
0 7 505346
1 3 505353
0 7 505356
1 7 505363
0 7 505370
1 7 505377
0 3 505384
1 4 505387
0 3 505391
1 4 505394
0 3 505398
1 4 505401
0 7 505405
1 7 505412
0 3 505419
1 4 505422
0 3 505426
1 4 505429
0 14 505433
1 7 505447
0 3 505454
1 4 505457
0 10 505461
1 4 505471
0 3 505475
1 11 505478
0 3 505489
1 4 505492
0 3 505496
1 3 505499
0 4 505502
1 3 505506
0 4 505509
1 10 505513
0 4 505523
1 3 505527
0 7 505530
1 4 505537
0 7 505541
1 10 505548
0 4 505558
1 3 505562
0 4 505565
1 3 505569
0 4 505572
1 3 505576
0 7 505579
1 7 505586
0 4 505593
1 3 505597
0 21 505600
1 4 505621
0 7 505625
1 3 505632
0 4 505635
1 7 505639
0 6 505646
1 11 505652
0 3 505663
1 4 505666
0 3 505670
1 4 505673
0 3 505677
1 4 505680
0 7 505684
1 7 505691
0 3 505698
1 4 505701
0 3 505705
1 4 505708
0 3 505712
1 4 505715
0 7 505719
1 7 505726
0 3 505733
1 4 505736
0 10 505740
1 4 505750
0 7 505754
1 7 505761
0 3 505768
1 4 505771
0 3 505775
1 7 505778
0 7 505785
1 10 505792
0 4 505802
1 3 505806
0 4 505809
1 3 505813
0 7 505816
1 4 505823
0 3 505827
1 4 505830
0 7 505834
1 3 505841
0 7 505844
1 11 505851
0 3 505862
1 4 505865
0 7 505869
1 3 505876
0 7 505879
1 11 505886
0 3 505897
1 4 505900
0 7 505904
1 3758 505911
0 142856 509669
1 3790 652525
0 142855 656315
1 3790 799170
0 142856 802960
1 3790 945816
0 142855 949606
1 3790 1092461
0 5903753 1096251
